{
  "CSV": {
    "file_size_mb": 33.54271697998047,
    "write_time_sec": 11.948991060256958,
    "read_time_sec": 1.0210347175598145,
    "write_memory_mb": 4.241686820983887,
    "read_memory_mb": 159.20216369628906,
    "write_cpu_time": 11.899292,
    "read_cpu_time": 1.0126170000000005,
    "total_energy_wh": 0.23313169027777778,
    "write_energy_wh": 0.21484832777777776,
    "read_energy_wh": 0.01828336250000001
  },
  "XLSX": null,
  "Parquet (PyArrow)": {
    "file_size_mb": 17.22497844696045,
    "write_time_sec": 0.14000701904296875,
    "read_time_sec": 0.46120285987854004,
    "write_memory_mb": 0.10532093048095703,
    "read_memory_mb": 66.22957134246826,
    "write_cpu_time": 0.14137999999999806,
    "read_cpu_time": 0.4575100000000063,
    "total_energy_wh": 0.010813291666666745,
    "write_energy_wh": 0.0025526944444444095,
    "read_energy_wh": 0.008260597222222336,
    "file_size_mb_savings_percent": 48.64763502240754,
    "write_time_sec_savings_percent": 98.82829421884296,
    "read_time_sec_savings_percent": 54.82985524911677,
    "write_memory_mb_savings_percent": 97.51700361375272,
    "read_memory_mb_savings_percent": 58.399075863808726,
    "total_energy_wh_savings_percent": 95.36172381636206
  },
  "Parquet (FastParquet)": {
    "file_size_mb": 16.800209999084473,
    "write_time_sec": 1.078260898590088,
    "read_time_sec": 0.8049509525299072,
    "write_memory_mb": 46.11006164550781,
    "read_memory_mb": 95.74315071105957,
    "write_cpu_time": 1.0775120000000058,
    "read_cpu_time": 0.8027659999999983,
    "total_energy_wh": 0.03394946388888896,
    "write_energy_wh": 0.019455077777777885,
    "read_energy_wh": 0.01449438611111108,
    "file_size_mb_savings_percent": 49.91398577189958,
    "write_time_sec_savings_percent": 90.97613436019341,
    "read_time_sec_savings_percent": 21.163214268201276,
    "write_memory_mb_savings_percent": -987.0689796662614,
    "read_memory_mb_savings_percent": 39.86064731274045,
    "total_energy_wh_savings_percent": 85.43764520025657
  },
  "ORC": {
    "file_size_mb": 19.48591709136963,
    "write_time_sec": 0.09314894676208496,
    "read_time_sec": 0.40506720542907715,
    "write_memory_mb": 0.0281829833984375,
    "read_memory_mb": 65.70650386810303,
    "write_cpu_time": 0.09204299999999677,
    "read_cpu_time": 0.4031090000000006,
    "total_energy_wh": 0.008940244444444398,
    "write_energy_wh": 0.0016618874999999415,
    "read_energy_wh": 0.0072783569444444555,
    "file_size_mb_savings_percent": 41.90715944984557,
    "write_time_sec_savings_percent": 99.22044508785429,
    "read_time_sec_savings_percent": 60.32777353573705,
    "write_memory_mb_savings_percent": 99.33557132839194,
    "read_memory_mb_savings_percent": 58.72763136972703,
    "total_energy_wh_savings_percent": 96.16515265093646
  },
  "Feather": {
    "file_size_mb": 21.638826370239258,
    "write_time_sec": 0.047065019607543945,
    "read_time_sec": 0.3841710090637207,
    "write_memory_mb": 0.02800464630126953,
    "read_memory_mb": 65.71147155761719,
    "write_cpu_time": 0.0740599999999958,
    "read_cpu_time": 0.3966959999999986,
    "total_energy_wh": 0.00849976111111101,
    "write_energy_wh": 0.0013371944444443686,
    "read_energy_wh": 0.007162566666666642,
    "file_size_mb_savings_percent": 35.488748919313515,
    "write_time_sec_savings_percent": 99.60611720797009,
    "read_time_sec_savings_percent": 62.3743441376943,
    "write_memory_mb_savings_percent": 99.33977571934993,
    "read_memory_mb_savings_percent": 58.72451100414982,
    "total_energy_wh_savings_percent": 96.3540945029895
  }
}